"","change","no_change","x","y","t1","t2","taxon","mag"
"4","change","uncertain",-11000,1150000,300,1600,"OAK",-0.0789210508868656
"5","change","uncertain",-11000,1174000,600,1600,"OAK",-0.114810130532038
"6","change","uncertain",-11000,1174000,600,2100,"OAK",-0.129710700438467
"8","change","uncertain",-11000,1198000,600,1600,"OAK",-0.127463465114225
"11","change","uncertain",-11000,1222000,600,1600,"OAK",-0.135887659539478
"13","change","uncertain",-11000,1246000,600,2100,"OAK",-0.165427520626757
"16","change","uncertain",-11000,1270000,300,2100,"OAK",-0.127175581945991
"17","change","uncertain",-11000,1270000,600,2100,"OAK",-0.163582626939505
"20","change","uncertain",-11000,1294000,600,2100,"OAK",-0.142477062214172
"29","change","uncertain",13000,1102000,600,2100,"OAK",-0.144937009335656
"30","change","uncertain",13000,1174000,600,1600,"OAK",-0.121260094514887
"31","change","uncertain",13000,1174000,600,2100,"OAK",-0.137020947598126
"33","change","uncertain",13000,1198000,600,1600,"OAK",-0.141831978870501
"34","change","uncertain",13000,1198000,600,2100,"OAK",-0.158937901831391
"36","change","uncertain",13000,1222000,300,2100,"OAK",-0.148349740774451
"37","change","uncertain",13000,1222000,600,1600,"OAK",-0.155928421015058
"38","change","uncertain",13000,1222000,600,2100,"OAK",-0.181554849756672
"40","change","uncertain",13000,1246000,600,2100,"OAK",-0.196656026446222
"43","change","uncertain",13000,1270000,300,2100,"OAK",-0.160211976389036
"44","change","uncertain",13000,1270000,600,2100,"OAK",-0.194914335610363
"46","change","uncertain",13000,1294000,600,2100,"OAK",-0.168161241462614
"60","change","uncertain",37000,1006000,300,1100,"OAK",-0.125660524751556
"61","change","uncertain",37000,1030000,300,1100,"OAK",-0.1502625541045
"62","change","uncertain",37000,1030000,300,1600,"OAK",-0.167553354871601
"63","change","uncertain",37000,1030000,600,1600,"OAK",-0.116747935265922
"64","change","uncertain",37000,1054000,300,1600,"OAK",-0.183636028185322
"65","change","uncertain",37000,1078000,300,1600,"OAK",-0.174574817043104
"66","change","uncertain",37000,1078000,300,2100,"OAK",-0.165038223219023
"67","change","uncertain",37000,1078000,600,1600,"OTHER.HARDWOOD",0.0979196711283232
"69","change","uncertain",37000,1102000,300,1600,"OAK",-0.160282258080821
"72","change","uncertain",37000,1150000,600,1600,"OAK",-0.117972850022467
"73","change","uncertain",37000,1150000,600,2100,"OAK",-0.12092323588556
"74","change","uncertain",37000,1174000,600,1600,"OAK",-0.123183804204558
"75","change","uncertain",37000,1198000,300,2100,"OAK",-0.130181105409286
"76","change","uncertain",37000,1198000,600,1600,"OAK",-0.131993046437089
"77","change","uncertain",37000,1222000,600,2100,"OAK",-0.184396841676157
"79","change","uncertain",37000,1246000,300,2100,"OAK",-0.179247074963585
"80","change","uncertain",37000,1246000,600,2100,"OAK",-0.206947039865615
"81","change","uncertain",37000,1246000,1100,2100,"OAK",-0.138330909324481
"84","change","uncertain",37000,1270000,300,1600,"OAK",-0.135383010141702
"85","change","uncertain",37000,1270000,300,2100,"OAK",-0.182660762459582
"86","change","uncertain",37000,1270000,600,1600,"OAK",-0.164500520225004
"87","change","uncertain",37000,1270000,1100,2100,"OAK",-0.143518806124557
"89","change","uncertain",37000,1294000,600,2100,"OAK",-0.191026311862656
"91","change","uncertain",37000,1318000,600,2100,"OAK",-0.150445341424226
"94","change","uncertain",61000,838000,300,1600,"OAK",0.228467706604657
"95","change","uncertain",61000,838000,300,2100,"OAK",0.268405819698053
"96","change","uncertain",61000,838000,600,1600,"OAK",0.235346939658546
"97","change","uncertain",61000,838000,600,2100,"OAK",0.275285052751942
"98","change","uncertain",61000,838000,1100,2100,"OAK",0.175179270923775
"101","change","uncertain",61000,862000,300,1600,"OAK",0.216195681087673
"102","change","uncertain",61000,862000,300,2100,"OAK",0.25579493523885
"103","change","uncertain",61000,862000,600,1600,"OAK",0.227217167650324
"104","change","uncertain",61000,862000,600,2100,"OAK",0.266816421801501
"105","change","uncertain",61000,862000,1100,2100,"OAK",0.17161023071809
"110","change","uncertain",61000,886000,300,2100,"OAK",0.188198764565183
"111","change","uncertain",61000,886000,600,2100,"OAK",0.21098936645605
"112","change","uncertain",61000,886000,1100,2100,"OAK",0.146714996652948
"123","change","uncertain",61000,1006000,300,1100,"OAK",-0.156847418299639
"126","change","uncertain",61000,1030000,300,1100,"OAK",-0.162402436962626
"127","change","uncertain",61000,1030000,300,1600,"OAK",-0.165263772629061
"131","change","uncertain",61000,1054000,300,1100,"OAK",-0.16871541149854
"134","change","uncertain",61000,1078000,300,1600,"OAK",-0.182923081160536
"135","change","uncertain",61000,1078000,600,1100,"OAK",-0.129851942004146
"136","change","uncertain",61000,1078000,600,1600,"OAK",-0.158077453849254
"137","change","uncertain",61000,1078000,600,2100,"OAK",-0.126251246478542
"141","change","uncertain",61000,1102000,300,1600,"OAK",-0.149387881919561
"145","change","uncertain",61000,1126000,600,2100,"OAK",-0.0822133689376086
"148","change","uncertain",61000,1150000,600,2100,"OAK",-0.105975399062553
"150","change","uncertain",61000,1246000,300,2100,"OAK",-0.127751204332147
"151","change","uncertain",61000,1246000,600,2100,"OAK",-0.14561319484222
"153","change","uncertain",61000,1270000,600,2100,"OAK",-0.168335543266142
"155","change","uncertain",61000,1294000,300,2100,"OAK",-0.164558031920722
"156","change","uncertain",61000,1294000,600,2100,"OAK",-0.184830997547555
"158","change","uncertain",85000,838000,300,1600,"OAK",0.252000102487457
"159","change","uncertain",85000,838000,300,2100,"OAK",0.315855264558187
"160","change","uncertain",85000,838000,600,1600,"OAK",0.268957727770245
"161","change","uncertain",85000,838000,600,2100,"OAK",0.332812889840975
"162","change","uncertain",85000,838000,1100,1600,"OAK",0.167825876263309
"163","change","uncertain",85000,838000,1100,2100,"OAK",0.231681038334039
"167","change","uncertain",85000,862000,300,1600,"OAK",0.277368729938049
"168","change","uncertain",85000,862000,300,2100,"OAK",0.341843579934726
"169","change","uncertain",85000,862000,600,1600,"OAK",0.298938955270854
"170","change","uncertain",85000,862000,600,2100,"OAK",0.363413805267532
"171","change","uncertain",85000,862000,1100,1600,"OAK",0.188984375192731
"172","change","uncertain",85000,862000,1100,2100,"OAK",0.253459225189409
"173","change","uncertain",85000,886000,300,1600,"OAK",0.198940083282546
"174","change","uncertain",85000,886000,300,2100,"OAK",0.280067085275096
"175","change","uncertain",85000,886000,600,1600,"OAK",0.24129459593034
"176","change","uncertain",85000,886000,600,2100,"OAK",0.32242159792289
"177","change","uncertain",85000,886000,1100,2100,"OAK",0.236757491369281
"181","change","uncertain",85000,958000,1100,2100,"OAK",0.156944622095825
"183","change","uncertain",85000,982000,300,1100,"OAK",-0.155988969894494
"184","change","uncertain",85000,982000,1100,2100,"OAK",0.141912277006364
"213","change","uncertain",109000,838000,300,1600,"OAK",0.163246373793717
"214","change","uncertain",109000,838000,300,2100,"OAK",0.246326593853428
"215","change","uncertain",109000,838000,600,1600,"OAK",0.183936756962118
"216","change","uncertain",109000,838000,600,2100,"OAK",0.267016977021829
"217","change","uncertain",109000,838000,1100,2100,"OAK",0.207204231800506
"219","change","uncertain",109000,862000,300,1600,"OAK",0.158402254221398
"220","change","uncertain",109000,862000,300,2100,"OAK",0.256029642860566
"221","change","uncertain",109000,862000,600,1600,"OAK",0.183930301980448
"222","change","uncertain",109000,862000,600,2100,"OAK",0.281557690619615
"223","change","uncertain",109000,862000,1100,2100,"OAK",0.224837641334353
"226","change","uncertain",109000,886000,300,2100,"OAK",0.260809374648644
"227","change","uncertain",109000,886000,600,1600,"OAK",0.188882785626913
"228","change","uncertain",109000,886000,600,2100,"OAK",0.302500883909249
"229","change","uncertain",109000,886000,1100,2100,"OAK",0.247444415695075
"233","change","uncertain",109000,910000,300,2100,"OAK",0.231195156847953
"234","change","uncertain",109000,910000,600,1600,"OAK",0.176681935510949
"235","change","uncertain",109000,910000,600,2100,"OAK",0.296652444421118
"236","change","uncertain",109000,910000,1100,2100,"OAK",0.254025577577802
"239","change","uncertain",109000,934000,300,2100,"OAK",0.163035100852935
"240","change","uncertain",109000,934000,600,2100,"OAK",0.247067363626761
"241","change","uncertain",109000,934000,1100,2100,"OAK",0.236118620925117
"244","change","uncertain",109000,958000,1100,2100,"OAK",0.193402511046951
"248","change","uncertain",109000,982000,1100,2100,"OAK",0.151108872132961
"281","change","uncertain",109000,1222000,600,1600,"PINE",0.0142010322556433
"282","change","uncertain",109000,1222000,600,2100,"PINE",0.102544753715461
"284","change","uncertain",109000,1270000,600,1600,"PINE",0.0528352110533681
"285","change","uncertain",109000,1270000,600,2100,"PINE",0.146864795460859
"288","change","uncertain",133000,838000,600,2100,"OAK",0.160360931559125
"293","change","uncertain",133000,886000,600,2100,"OAK",0.176604251151492
"297","change","uncertain",133000,910000,300,2100,"OAK",0.167847741285897
"298","change","uncertain",133000,910000,1100,2100,"OAK",0.1885246051238
"303","change","uncertain",133000,934000,600,2100,"OAK",0.200396874082875
"304","change","uncertain",133000,934000,1100,2100,"OAK",0.197072288863623
"309","change","uncertain",133000,958000,600,2100,"OAK",0.149151866471148
"310","change","uncertain",133000,958000,1100,2100,"OAK",0.16746029812825
"343","change","uncertain",133000,1174000,600,2100,"PINE",0.0960909982779651
"346","change","uncertain",133000,1222000,600,2100,"PINE",0.00239771905992074
"347","change","uncertain",133000,1246000,600,1600,"PINE",-0.068221547943575
"348","change","uncertain",133000,1246000,600,2100,"PINE",0.012800485593239
"351","change","uncertain",133000,1270000,300,1600,"PINE",-0.0235134375732506
"352","change","uncertain",133000,1270000,300,2100,"PINE",0.0600327090870696
"411","change","uncertain",157000,1270000,300,2100,"PINE",-0.0336261174798486
"462","change","uncertain",181000,1078000,300,1100,"OAK",-0.177447018559134
"463","change","uncertain",181000,1078000,300,1600,"OAK",-0.170689107314674
"464","change","uncertain",181000,1078000,300,2100,"OAK",-0.114173806284547
"467","change","uncertain",181000,1102000,300,1600,"OAK",-0.163743699006099
"470","change","uncertain",181000,1222000,300,2100,"PINE",-0.102678743926077
"497","change","uncertain",205000,1030000,300,1100,"OAK",-0.154878417992997
"502","change","uncertain",205000,1054000,300,1100,"OAK",-0.205217096562271
"503","change","uncertain",205000,1054000,300,1600,"OTHER.HARDWOOD",0.107337131173628
"506","change","uncertain",205000,1078000,300,1100,"OAK",-0.18387279462954
"507","change","uncertain",205000,1078000,300,1600,"OAK",-0.201149466632064
"508","change","uncertain",205000,1198000,1100,2100,"PINE",-0.131668295473021
"522","change","uncertain",205000,1366000,600,2100,"TAMARACK",0.00958253859063601
"535","change","uncertain",229000,1030000,300,1100,"OAK",-0.172173284954835
"536","change","uncertain",229000,1030000,300,1600,"OAK",-0.189181277159187
"537","change","uncertain",229000,1030000,300,2100,"OAK",-0.0955535809228393
"540","change","uncertain",229000,1054000,300,1100,"OAK",-0.199839856900353
"541","change","uncertain",229000,1054000,300,1600,"OAK",-0.224168601801087
"544","change","uncertain",229000,1294000,300,1600,"TAMARACK",0.021932283628462
"546","change","uncertain",229000,1318000,300,1600,"TAMARACK",0.017866730988404
"549","change","uncertain",229000,1342000,1100,2100,"TAMARACK",-0.003236222903
"569","change","uncertain",253000,1030000,300,1600,"OAK",-0.167702211095316
"571","change","uncertain",253000,1054000,300,1600,"OAK",-0.198910389739122
"572","change","uncertain",253000,1078000,300,1600,"OAK",-0.121286475155892
"574","change","uncertain",253000,1150000,600,2100,"PINE",-0.163352455657007
"576","change","uncertain",253000,1174000,300,2100,"PINE",-0.162351644756566
"577","change","uncertain",253000,1174000,600,2100,"PINE",-0.189152156597681
"610","change","uncertain",277000,1054000,300,1100,"OAK",-0.137489303380314
"611","change","uncertain",277000,1054000,300,1600,"OAK",-0.173002864970797
"614","change","uncertain",277000,1078000,300,1600,"PINE",0.149419462149398
"615","change","uncertain",277000,1078000,300,2100,"PINE",0.144730751995677
"618","change","uncertain",277000,1102000,300,1100,"PINE",0.109938234257345
"619","change","uncertain",277000,1102000,300,1600,"PINE",0.194486492939104
"620","change","uncertain",277000,1102000,300,2100,"PINE",0.185800510600021
"621","change","uncertain",277000,1102000,600,2100,"PINE",0.136945929979541
"622","change","uncertain",277000,1174000,300,2100,"PINE",-0.188978837391448
"623","change","uncertain",277000,1174000,600,2100,"PINE",-0.209343053063679
"656","change","uncertain",301000,1054000,300,1100,"OAK",-0.111654906343389
"657","change","uncertain",301000,1054000,300,1600,"OAK",-0.164011058965743
"660","change","uncertain",301000,1078000,300,1100,"PINE",0.166365286825012
"661","change","uncertain",301000,1078000,300,1600,"PINE",0.293427613907681
"662","change","uncertain",301000,1078000,300,2100,"PINE",0.315119884841667
"663","change","uncertain",301000,1078000,600,1600,"PINE",0.250539944835441
"664","change","uncertain",301000,1078000,600,2100,"PINE",0.272232215769428
"665","change","uncertain",301000,1078000,1100,1600,"PINE",0.127062327082669
"666","change","uncertain",301000,1078000,1100,2100,"PINE",0.148754598016655
"669","change","uncertain",301000,1102000,300,1600,"PINE",0.200496294331359
"670","change","uncertain",301000,1102000,300,2100,"PINE",0.248488971710078
"671","change","uncertain",301000,1102000,600,1600,"PINE",0.182039347886046
"672","change","uncertain",301000,1102000,600,2100,"PINE",0.230032025264765
"673","change","uncertain",301000,1102000,1100,1600,"PINE",0.130315510877692
"678","change","uncertain",301000,1174000,300,2100,"PINE",-0.200146434282365
"679","change","uncertain",301000,1318000,600,1600,"PINE",0.00262783596017727
"680","change","uncertain",301000,1318000,1100,2100,"PINE",-0.0687641597597658
"684","change","uncertain",325000,838000,1100,2100,"OAK",0.0379460366732654
"687","change","uncertain",325000,886000,600,2100,"OAK",0.104423081490544
"712","change","uncertain",325000,1054000,300,1600,"PINE",0.238505683675374
"713","change","uncertain",325000,1054000,300,2100,"PINE",0.249686953532248
"714","change","uncertain",325000,1054000,600,1100,"PINE",0.110347105829192
"715","change","uncertain",325000,1054000,600,1600,"PINE",0.216537724719763
"716","change","uncertain",325000,1054000,600,2100,"PINE",0.227718994576637
"717","change","uncertain",325000,1054000,1100,1600,"PINE",0.106190618890571
"718","change","uncertain",325000,1054000,1100,2100,"PINE",0.117371888747445
"722","change","uncertain",325000,1078000,300,1100,"PINE",0.149435108760096
"723","change","uncertain",325000,1078000,300,1600,"PINE",0.387617978234287
"724","change","uncertain",325000,1078000,300,2100,"PINE",0.454782229031728
"725","change","uncertain",325000,1078000,600,1600,"PINE",0.373423795476289
"726","change","uncertain",325000,1078000,600,2100,"PINE",0.44058804627373
"727","change","uncertain",325000,1078000,1100,1600,"PINE",0.238182869474191
"728","change","uncertain",325000,1078000,1100,2100,"PINE",0.305347120271632
"732","change","uncertain",325000,1102000,300,1600,"PINE",0.177740270331593
"733","change","uncertain",325000,1102000,300,2100,"PINE",0.260426531523209
"734","change","uncertain",325000,1102000,600,1600,"PINE",0.174663034499218
"735","change","uncertain",325000,1102000,600,2100,"PINE",0.257349295690834
"736","change","uncertain",325000,1102000,1100,1600,"PINE",0.135589653010932
"737","change","uncertain",325000,1102000,1100,2100,"PINE",0.218275914202548
"744","change","uncertain",325000,1318000,1100,2100,"PINE",-0.0905823884318743
"746","change","uncertain",349000,814000,1100,2100,"OAK",0.0352781498030319
"755","change","uncertain",349000,862000,300,1600,"PINE",-0.159289690537687
"756","change","uncertain",349000,862000,300,2100,"PINE",-0.113586088070339
"757","change","uncertain",349000,862000,600,1600,"PINE",-0.138184765745602
"763","change","uncertain",349000,886000,300,1100,"PINE",-0.149215074799171
"764","change","uncertain",349000,886000,300,1600,"PINE",-0.147687178135183
"765","change","uncertain",349000,886000,600,1600,"PINE",-0.11992114041367
"766","change","uncertain",349000,886000,600,2100,"PINE",-0.0764730172435239
"770","change","uncertain",349000,1030000,600,1600,"PINE",0.140690000253487
"771","change","uncertain",349000,1030000,600,2100,"PINE",0.144091479353888
"774","change","uncertain",349000,1054000,300,1600,"PINE",0.25252097349702
"775","change","uncertain",349000,1054000,300,2100,"PINE",0.274691248464753
"776","change","uncertain",349000,1054000,600,1600,"PINE",0.262551175998835
"777","change","uncertain",349000,1054000,600,2100,"PINE",0.284721450966568
"778","change","uncertain",349000,1054000,1100,1600,"PINE",0.150520458717264
"779","change","uncertain",349000,1054000,1100,2100,"PINE",0.172690733684997
"783","change","uncertain",349000,1078000,300,1100,"PINE",0.0828603315298246
"784","change","uncertain",349000,1078000,300,1600,"PINE",0.274862114346396
"785","change","uncertain",349000,1078000,300,2100,"PINE",0.335882061357528
"786","change","uncertain",349000,1078000,600,1600,"PINE",0.284939791791144
"787","change","uncertain",349000,1078000,600,2100,"PINE",0.345959738802276
"788","change","uncertain",349000,1078000,1100,1600,"PINE",0.192001782816571
"789","change","uncertain",349000,1078000,1100,2100,"PINE",0.253021729827703
"793","change","uncertain",349000,1102000,300,2100,"PINE",0.200465100854583
"794","change","uncertain",349000,1102000,600,2100,"PINE",0.210790168636184
"795","change","uncertain",349000,1102000,1100,2100,"PINE",0.181063933378211
"829","change","uncertain",373000,886000,300,1100,"PINE",-0.152881717185547
"830","change","uncertain",373000,886000,300,1600,"PINE",-0.163363612643123
"833","change","uncertain",373000,1030000,600,2100,"PINE",0.164613563124153
"835","change","uncertain",373000,1054000,300,1600,"PINE",0.152721609091791
"836","change","uncertain",373000,1054000,300,2100,"PINE",0.171008550006161
"837","change","uncertain",373000,1054000,600,1600,"PINE",0.183795435659468
"838","change","uncertain",373000,1054000,600,2100,"PINE",0.202082376573839
"842","change","uncertain",373000,1078000,300,2100,"PINE",0.149550894793013
"843","change","uncertain",373000,1078000,600,1600,"PINE",0.151306095561218
"844","change","uncertain",373000,1078000,600,2100,"PINE",0.178928069926205
"848","change","uncertain",373000,1102000,600,2100,"PINE",0.106212241923791
"866","change","uncertain",397000,814000,600,2100,"OAK",0.0566286276200289
"875","change","uncertain",397000,862000,300,1100,"PINE",-0.145247564492529
"881","change","uncertain",397000,886000,300,2100,"PINE",-0.104758637060185
"882","change","uncertain",397000,886000,600,1600,"PINE",-0.128607135848251
"886","change","uncertain",397000,958000,600,2100,"HEMLOCK",0.108005530900755
"887","change","uncertain",397000,982000,300,2100,"HEMLOCK",0.123413346085359
"888","change","uncertain",397000,982000,600,1600,"HEMLOCK",0.113172980974439
"889","change","uncertain",397000,982000,600,2100,"HEMLOCK",0.13547254539733
"890","change","uncertain",397000,1006000,600,1600,"HEMLOCK",0.0946547432480543
"891","change","uncertain",397000,1006000,600,2100,"HEMLOCK",0.113637844847102
"894","change","uncertain",397000,1150000,600,2100,"PINE",-0.11797357728634
"908","change","uncertain",421000,814000,600,2100,"OAK",0.0262615046859566
"912","change","uncertain",421000,958000,300,1600,"HEMLOCK",0.183707167568283
"913","change","uncertain",421000,958000,300,2100,"HEMLOCK",0.221895193903574
"914","change","uncertain",421000,958000,600,1600,"HEMLOCK",0.200388949813903
"915","change","uncertain",421000,958000,600,2100,"HEMLOCK",0.238576976149194
"916","change","uncertain",421000,958000,1100,1600,"HEMLOCK",0.122082452066107
"917","change","uncertain",421000,958000,1100,2100,"HEMLOCK",0.160270478401398
"921","change","uncertain",421000,982000,300,1600,"HEMLOCK",0.239344110072956
"922","change","uncertain",421000,982000,300,2100,"HEMLOCK",0.29763737833493
"923","change","uncertain",421000,982000,600,1600,"HEMLOCK",0.257582345167154
"924","change","uncertain",421000,982000,600,2100,"HEMLOCK",0.315875613429129
"925","change","uncertain",421000,982000,1100,1600,"HEMLOCK",0.159090293092074
"926","change","uncertain",421000,982000,1100,2100,"HEMLOCK",0.217383561354048
"929","change","uncertain",421000,1006000,300,1600,"HEMLOCK",0.216903400917761
"930","change","uncertain",421000,1006000,300,2100,"HEMLOCK",0.264873536796963
"931","change","uncertain",421000,1006000,600,1600,"HEMLOCK",0.224444152391449
"932","change","uncertain",421000,1006000,600,2100,"HEMLOCK",0.272414288270651
"933","change","uncertain",421000,1006000,1100,1600,"HEMLOCK",0.134840128029367
"934","change","uncertain",421000,1006000,1100,2100,"HEMLOCK",0.182810263908569
"935","change","uncertain",421000,1030000,300,1600,"HEMLOCK",0.134309783698155
"936","change","uncertain",421000,1030000,300,2100,"HEMLOCK",0.158388616410893
"937","change","uncertain",421000,1030000,600,1600,"HEMLOCK",0.128373679885756
"938","change","uncertain",421000,1030000,600,2100,"HEMLOCK",0.152452512598495
"942","change","uncertain",421000,1270000,300,2100,"OTHER.CONIFER",0.0127710081813513
"948","change","uncertain",445000,934000,300,1600,"HEMLOCK",0.104530253175185
"949","change","uncertain",445000,934000,300,2100,"HEMLOCK",0.126798716807749
"950","change","uncertain",445000,934000,600,1600,"HEMLOCK",0.115387030248125
"951","change","uncertain",445000,934000,600,2100,"HEMLOCK",0.137655493880688
"955","change","uncertain",445000,958000,300,1600,"HEMLOCK",0.201742913647525
"956","change","uncertain",445000,958000,300,2100,"HEMLOCK",0.253864527386086
"957","change","uncertain",445000,958000,600,1600,"HEMLOCK",0.216686464989068
"958","change","uncertain",445000,958000,600,2100,"HEMLOCK",0.26880807872763
"959","change","uncertain",445000,958000,1100,1600,"HEMLOCK",0.130730379472609
"960","change","uncertain",445000,958000,1100,2100,"HEMLOCK",0.18285199321117
"964","change","uncertain",445000,982000,300,1600,"HEMLOCK",0.276998969141653
"965","change","uncertain",445000,982000,300,2100,"HEMLOCK",0.363277637706691
"966","change","uncertain",445000,982000,600,1600,"HEMLOCK",0.290481886512588
"967","change","uncertain",445000,982000,600,2100,"HEMLOCK",0.376760555077626
"968","change","uncertain",445000,982000,1100,1600,"HEMLOCK",0.18560469799285
"969","change","uncertain",445000,982000,1100,2100,"HEMLOCK",0.271883366557889
"973","change","uncertain",445000,1006000,300,1600,"HEMLOCK",0.263697261464175
"974","change","uncertain",445000,1006000,300,2100,"HEMLOCK",0.33464096544269
"975","change","uncertain",445000,1006000,600,1600,"HEMLOCK",0.268956210910167
"976","change","uncertain",445000,1006000,600,2100,"HEMLOCK",0.339899914888683
"977","change","uncertain",445000,1006000,1100,1600,"HEMLOCK",0.165310610165396
"978","change","uncertain",445000,1006000,1100,2100,"HEMLOCK",0.236254314143912
"981","change","uncertain",445000,1030000,300,1600,"HEMLOCK",0.177312830854344
"982","change","uncertain",445000,1030000,300,2100,"HEMLOCK",0.213454428837831
"983","change","uncertain",445000,1030000,600,1600,"HEMLOCK",0.170586772966661
"984","change","uncertain",445000,1030000,600,2100,"HEMLOCK",0.206728370950148
"985","change","uncertain",445000,1030000,1100,2100,"HEMLOCK",0.133085932768099
"989","change","uncertain",445000,1270000,300,2100,"OTHER.CONIFER",0.018906901597863
"1001","change","uncertain",469000,958000,300,1600,"HEMLOCK",0.139683183945872
"1002","change","uncertain",469000,958000,300,2100,"HEMLOCK",0.183127472325632
"1003","change","uncertain",469000,958000,600,1600,"HEMLOCK",0.15002049703795
"1004","change","uncertain",469000,958000,600,2100,"HEMLOCK",0.193464785417711
"1005","change","uncertain",469000,958000,1100,2100,"HEMLOCK",0.127472445134799
"1009","change","uncertain",469000,982000,300,1600,"HEMLOCK",0.190818617841858
"1010","change","uncertain",469000,982000,300,2100,"HEMLOCK",0.252136794208379
"1011","change","uncertain",469000,982000,600,1600,"HEMLOCK",0.198794752757343
"1012","change","uncertain",469000,982000,600,2100,"HEMLOCK",0.260112929123864
"1013","change","uncertain",469000,982000,1100,1600,"HEMLOCK",0.112188977944593
"1014","change","uncertain",469000,982000,1100,2100,"HEMLOCK",0.173507154311114
"1018","change","uncertain",469000,1006000,300,1600,"HEMLOCK",0.19332482811672
"1019","change","uncertain",469000,1006000,300,2100,"HEMLOCK",0.244661316786034
"1020","change","uncertain",469000,1006000,600,1600,"HEMLOCK",0.1936141650464
"1021","change","uncertain",469000,1006000,600,2100,"HEMLOCK",0.244950653715714
"1022","change","uncertain",469000,1006000,1100,2100,"HEMLOCK",0.155963893075156
"1023","change","uncertain",469000,1030000,300,1600,"HEMLOCK",0.152773831670379
"1024","change","uncertain",469000,1030000,300,2100,"HEMLOCK",0.180258875068013
"1025","change","uncertain",469000,1030000,600,1600,"HEMLOCK",0.142834275307878
"1026","change","uncertain",469000,1030000,600,2100,"HEMLOCK",0.170319318705512
"1027","change","uncertain",469000,1054000,300,2100,"HEMLOCK",0.130635950604775
"1030","change","uncertain",493000,862000,300,2100,"OAK",-0.0185210041537881
"1031","change","uncertain",493000,862000,600,1600,"OAK",-0.0240320533804103
"1032","change","uncertain",493000,1006000,600,2100,"HEMLOCK",0.11472376370943
"1034","change","uncertain",493000,1030000,300,1100,"PINE",-0.0907932724524655
"1035","change","uncertain",493000,1030000,300,2100,"PINE",-0.131660534046169
"1039","change","uncertain",493000,1054000,300,1600,"PINE",-0.15394050399334
"1040","change","uncertain",493000,1054000,300,2100,"PINE",-0.176929730467892
"1042","change","uncertain",493000,1078000,300,2100,"PINE",-0.199756664962603
"1059","change","uncertain",517000,1078000,300,2100,"PINE",-0.211082573316448
"1060","change","uncertain",517000,1078000,600,2100,"PINE",-0.182831462520984
"1061","change","uncertain",517000,1078000,1100,2100,"PINE",-0.121535226713822
"1062","change","uncertain",517000,1102000,300,2100,"PINE",-0.14735134513533
"1082","change","uncertain",541000,1078000,300,1600,"PINE",-0.076841758603885
"1103","change","uncertain",565000,1078000,300,1100,"PINE",-0.0448349663442683
"1104","change","uncertain",565000,1078000,300,1600,"PINE",-0.0134795338278315
"1113","change","uncertain",589000,838000,300,1600,"OAK",0.0383242529567859
"1124","change","uncertain",613000,1126000,600,2100,"PINE",0.0518109436687255
"1125","change","uncertain",613000,1150000,600,2100,"PINE",0.0130580422482235
"1132","change","uncertain",637000,1126000,300,1100,"PINE",-0.0443864221257698
"1133","change","uncertain",637000,1126000,300,1600,"PINE",-0.00404925367202467
"1134","change","uncertain",637000,1126000,1100,2100,"PINE",0.0839194286108459
"1136","change","uncertain",637000,1150000,300,2100,"PINE",-0.00739541081453398
"1137","change","uncertain",637000,1150000,600,2100,"PINE",0.0483039000209978
"1139","change","uncertain",661000,1126000,300,1600,"PINE",-0.00834438505379462
"1140","change","uncertain",661000,1126000,600,2100,"PINE",0.0570548435618853
"1187","change","uncertain",757000,1078000,600,1600,"BEECH",0.146215571250745
"1188","change","uncertain",757000,1078000,600,2100,"BEECH",0.170706290214688
"1190","change","uncertain",757000,1102000,600,1600,"BEECH",0.148080784033357
"1191","change","uncertain",757000,1102000,600,2100,"BEECH",0.17379178051433
"1195","change","uncertain",781000,1054000,600,1600,"BEECH",0.175891464859882
"1196","change","uncertain",781000,1054000,600,2100,"BEECH",0.20958053118201
"1199","change","uncertain",781000,1078000,300,1600,"BEECH",0.214257347997251
"1200","change","uncertain",781000,1078000,300,2100,"BEECH",0.258821702535306
"1201","change","uncertain",781000,1078000,600,1600,"BEECH",0.244224339504828
"1202","change","uncertain",781000,1078000,600,2100,"BEECH",0.288788694042882
"1203","change","uncertain",781000,1078000,1100,1600,"BEECH",0.159314168286596
"1204","change","uncertain",781000,1078000,1100,2100,"BEECH",0.20387852282465
"1208","change","uncertain",781000,1102000,300,1600,"BEECH",0.214268078187213
"1209","change","uncertain",781000,1102000,300,2100,"BEECH",0.258262283254881
"1210","change","uncertain",781000,1102000,600,1600,"BEECH",0.246419978012903
"1211","change","uncertain",781000,1102000,600,2100,"BEECH",0.290414183080571
"1212","change","uncertain",781000,1102000,1100,1600,"BEECH",0.161832595059379
"1213","change","uncertain",781000,1102000,1100,2100,"BEECH",0.205826800127047
"1217","change","uncertain",805000,1054000,300,2100,"BEECH",0.204938154835815
"1218","change","uncertain",805000,1054000,600,1600,"BEECH",0.186737512634666
"1219","change","uncertain",805000,1054000,600,2100,"BEECH",0.226823245268983
"1220","change","uncertain",805000,1054000,1100,2100,"BEECH",0.160552500589397
"1224","change","uncertain",805000,1078000,300,1600,"BEECH",0.209916445422851
"1225","change","uncertain",805000,1078000,300,2100,"BEECH",0.261345405610241
"1226","change","uncertain",805000,1078000,600,1600,"BEECH",0.24176182566059
"1227","change","uncertain",805000,1078000,600,2100,"BEECH",0.293190785847979
"1228","change","uncertain",805000,1078000,1100,1600,"BEECH",0.160401613588556
"1229","change","uncertain",805000,1078000,1100,2100,"BEECH",0.211830573775945
"1233","change","uncertain",805000,1102000,300,1600,"BEECH",0.207881976801359
"1234","change","uncertain",805000,1102000,300,2100,"BEECH",0.258777596674259
"1235","change","uncertain",805000,1102000,600,1600,"BEECH",0.24055732137843
"1236","change","uncertain",805000,1102000,600,2100,"BEECH",0.291452941251329
"1237","change","uncertain",805000,1102000,1100,1600,"BEECH",0.160721854104394
"1238","change","uncertain",805000,1102000,1100,2100,"BEECH",0.211617473977294
"1241","change","uncertain",805000,1126000,300,1600,"BEECH",0.153367337981027
"1242","change","uncertain",805000,1126000,300,2100,"BEECH",0.190989555198404
"1243","change","uncertain",805000,1126000,600,1600,"BEECH",0.1768413259678
"1244","change","uncertain",805000,1126000,600,2100,"BEECH",0.214463543185177
"1245","change","uncertain",805000,1126000,1100,2100,"BEECH",0.154221261191016
"1249","change","uncertain",829000,1078000,300,2100,"BEECH",0.203293600141328
"1250","change","uncertain",829000,1078000,600,1600,"BEECH",0.177876193667367
"1251","change","uncertain",829000,1078000,600,2100,"BEECH",0.223282358283757
"1252","change","uncertain",829000,1078000,1100,2100,"BEECH",0.165467149711561
"1255","change","uncertain",829000,1102000,300,2100,"BEECH",0.198592775172142
"1256","change","uncertain",829000,1102000,600,1600,"BEECH",0.172559280094349
"1257","change","uncertain",829000,1102000,600,2100,"BEECH",0.218347610973108
"1258","change","uncertain",829000,1102000,1100,2100,"BEECH",0.165223969067538
"1260","change","uncertain",853000,1078000,600,2100,"BEECH",0.149967084132047
"1261","change","uncertain",853000,1102000,600,2100,"BEECH",0.147343345061737
"1262","change","uncertain",853000,1126000,600,2100,"BEECH",0.129948071321349
